Username,Password,FullName,Email,Phone,Address
odennis,+u1WXtlBo6,Samuel Owens,gmorris@example.net,+1-614-468-3453x731,"92832 Kimberly Shoal Apt. 170
Randychester, FL 29528"
donald38,U&j8TqIq@2,Robert Robertson,michele95@example.net,795.300.3566,"28523 Jackson Cliffs Suite 977
Millerstad, FM 11841"
phillipsjoshua,EKcz*5EoZ1,Nancy Hahn,ireyes@example.com,+1-765-836-0330x55600,"80456 Cruz Loaf Suite 595
South Katherineland, VA 99639"
laurenbrown,P))C5Vx2Gm,Michelle Walton,stran@example.net,797.233.4765x790,"8895 Charles Wall Apt. 118
Nicholasville, FM 59545"
williamschristopher,GX47tSZnK$,Marissa Stewart,cookpaul@example.org,432-930-1007x722,"09629 Kevin Field Apt. 964
New Marvin, AK 64355"
david38,+QGDMaANn7,Christina Cox,mejiashawn@example.org,(720)334-9493x35312,"278 Singleton Stravenue
Bakerfort, AS 91515"
mcguiredanielle,)H6H)ym(a^,Mrs. Heather Caldwell,bhughes@example.org,894-849-2398,"22136 Charles Run Apt. 172
Timothychester, VT 59131"
robert11,$_73Jblm!Y,Kevin White,parrishmichael@example.net,(528)862-1408x67431,"192 Charles Inlet Suite 130
Selenaville, OH 70669"
stephanie95,@a)Y7n_B6W,Kylie Rogers,patricia96@example.com,(945)986-9618,"1247 James Village Apt. 743
New Wendy, NH 30538"
hhill,F+7SOgVu+D,Marcia Bartlett,gloriaberg@example.org,+1-638-369-4589x22268,"653 Montgomery Point
New James, AS 06281"
ybarnett,)(RuqRwO0@,Andrea Dunn,jasonwhite@example.net,313.902.9305,"398 Anthony Meadows
Marilynmouth, WA 92233"
spencer27,!4RIeqHH+B,Stephanie Martin,matarobert@example.com,391.239.7530x293,"613 Gordon Valley Apt. 715
West Janeville, GA 72991"
greendawn,IaBrX_bo%7,Cody Meadows,gilbertsmith@example.com,001-740-903-2369x36122,"842 Donald Field Apt. 835
Port Danielle, ND 33641"
hoffmanjamie,i(73Eu^GR6,Russell Bell,jefferymolina@example.net,(437)367-1186x4427,"60980 Baxter Forks Apt. 795
Cervanteschester, ME 90189"
fleblanc,cls9KUTf)y,Hailey Gray,bcarlson@example.org,+1-436-243-0449x268,"USNS Bennett
FPO AP 77223"
madison42,Ph8%U_Pq+E,Justin Trujillo,john19@example.net,446.293.3191,"PSC 7718, Box 9919
APO AP 77629"
georgeparker,$gLbjQn4%5,Sherry Ibarra,davidmoran@example.org,4358218668,"3803 Ross Locks
Christinamouth, MT 40836"
curtisdaniel,dI2rGGv6#P,Jay Williams,keithhall@example.org,573-952-5910x88179,"95443 French Fields Suite 852
West Randallville, PA 97622"
tinaporter,kq%CVtv1$1,Kathleen Smith,matthew92@example.net,723-312-2165x0359,"3219 Darlene Brook
Robertburgh, NJ 92014"
mnorris,qmIH2mXSG_,Christopher Villegas,leonjulie@example.org,001-825-611-7740,"35662 Rodney Crossroad Suite 411
Terrencemouth, VT 18561"
whitneyjohnson,oqDHCf4O_2,David Ho,randy03@example.com,448.466.9600,"992 Johnson Passage Apt. 296
North Paul, CO 72167"
teresawiggins,@b^(H&pa60,Jennifer Sanders,littlemichael@example.net,+1-528-726-4776,"06886 Harrison Ferry Suite 256
New Carriemouth, GU 12926"
sandra55,(@mLZtny^5,Victoria Mullins,michellenorris@example.com,601.584.3466x96026,"PSC 3563, Box 2440
APO AE 54720"
hamiltonnatalie,w3EPlve#+i,Scott Fitzgerald,waltermeghan@example.org,+1-389-713-1254x381,"65259 Strong Shoals
North Garretthaven, OR 99679"
mathishenry,#7dA#ZGrpc,Ronald Martinez,reedmatthew@example.org,(371)575-4486x373,"497 Robert Divide Suite 342
New Jennifer, KS 95337"
camposbonnie,!cOkrvE^S1,Ashley Lewis,penamatthew@example.org,(871)768-5329x526,"12480 Michelle Meadows
Richtown, TX 36206"
fmassey,X^#1Tn!^@O,Scott Stevenson,dakotaroberts@example.net,001-729-815-6219x519,"27358 Jackson Islands
Patrickville, NC 25792"
jodidrake,6F2DqLp*$y,Mrs. Lydia Johnson,rtownsend@example.com,001-509-912-1344x4018,"824 Robert Estates
Kingborough, RI 26941"
stephanieli,c!w7b1)bNG,Robert Rodriguez,davidmorgan@example.org,(718)559-8360x718,"97539 Kenneth Ports Suite 253
Brittanyshire, NE 90691"
nicholas62,(IXutp#K0U,Mrs. Sarah Cunningham MD,davidthomas@example.org,+1-468-546-0839x67576,"63625 Alyssa Trail Apt. 327
Williamstown, GA 99207"
